parcel_id,sale_price,sale_date,lat,lon,land_area_sqft,structure_sqft,year_built,zoning,tract_geoid
2-4-000000,702124.38,2022-02-15,20.936541,-156.683449,22209.9,2639.6,1987,R3,150090402001
2-4-000001,1887807.93,2024-01-17,20.775013,-156.315971,49268.6,5093.6,2017,C1,150090401001
2-4-000002,728657.99,2022-09-14,20.808308,-156.747287,27476.0,3184.0,1991,C1,150090401001
2-4-000003,659227.52,2023-10-27,20.979813,-156.378784,16381.4,2769.4,1956,R1,150090402002
2-4-000004,594914.37,2023-03-17,21.048531,-156.618175,27553.2,2468.3,2012,R1,150090401002
2-4-000005,696408.09,2021-06-17,20.749781,-156.526685,28425.7,3258.8,1980,C1,150090401002
2-4-000006,1094955.97,2021-06-23,20.727554,-156.333265,37466.5,3900.3,2008,A1,150090402001
2-4-000007,491785.38,2022-04-12,20.763288,-156.59839,48704.7,1654.2,1984,R1,150090401001
2-4-000008,858970.48,2023-01-07,20.825876,-156.45698,20545.6,3324.0,1961,R1,150090401001
2-4-000009,481994.37,2021-01-23,20.759367,-156.409006,15554.3,1928.8,2018,R3,150090402002
2-4-000010,1145856.05,2021-11-15,20.906066,-156.397458,22857.2,5658.6,1961,R2,150090403001
2-4-000011,1799664.28,2021-10-29,20.915883,-156.614144,29840.3,5658.2,1999,C2,150090402002
2-4-000012,624023.35,2021-07-16,20.736885,-156.458557,11871.7,2508.0,1976,C1,150090401002
2-4-000013,713813.3,2020-10-03,20.898006,-156.808958,28801.4,3247.0,1999,R3,150090401002
2-4-000014,2072802.39,2023-07-13,20.70162,-156.869502,14842.9,5650.4,2015,R2,150090401001
2-4-000015,1901494.18,2022-03-23,20.862792,-156.363801,12786.6,5819.2,2018,R2,150090402001
2-4-000016,705663.96,2022-02-25,21.041468,-156.85517,33660.8,2182.9,1954,R1,150090402002
2-4-000017,1116605.31,2021-11-18,20.9798,-156.862009,41061.6,4073.6,1983,A1,150090401001
2-4-000018,1351635.16,2022-03-10,20.908888,-156.429622,33630.3,5685.2,1970,R1,150090402001
2-4-000019,522637.38,2023-10-10,20.813872,-156.801218,48393.7,1391.2,1983,C2,150090403001
2-4-000020,789232.32,2023-03-24,20.77222,-156.856227,28663.9,3071.8,2016,R1,150090402002
2-4-000021,1726519.55,2021-11-25,20.854954,-156.707294,36594.5,5691.6,1982,R1,150090402001
2-4-000022,1526848.99,2021-11-08,20.797314,-156.496045,11442.5,5263.7,2012,C1,150090403001
2-4-000023,1622331.28,2021-03-03,21.006235,-156.826695,13864.1,5688.7,2005,R2,150090402002
2-4-000024,740571.46,2020-09-23,20.774605,-156.382087,45690.4,2912.5,1986,R1,150090401002
2-4-000025,745645.34,2023-08-05,20.795986,-156.316564,27178.7,3269.5,2016,R1,150090401001
2-4-000026,2028188.78,2020-01-04,20.982514,-156.511382,25142.0,5563.0,2020,C2,150090401002
2-4-000027,1074321.54,2020-11-15,20.793928,-156.463115,8411.7,3858.2,1990,C1,150090402001
2-4-000028,484995.66,2021-03-16,20.793822,-156.795739,47134.9,1054.4,2021,A1,150090401002
2-4-000029,1261632.84,2023-02-02,20.724809,-156.51852,6639.0,4977.8,1998,R1,150090402001
2-4-000030,428345.63,2023-11-19,20.863523,-156.315507,16320.8,1235.7,2009,C1,150090402002
2-4-000031,405206.79,2023-04-06,20.792472,-156.344081,18706.2,1144.1,1989,R1,150090401002
2-4-000032,261266.3,2020-06-13,21.01113,-156.694139,6193.4,1063.3,1960,R3,150090401001
2-4-000033,658529.32,2022-04-19,20.800211,-156.482553,12317.0,3132.2,1972,R2,150090401001
2-4-000034,1558384.05,2022-05-18,20.970818,-156.799546,29178.5,4776.4,1998,C1,150090401002
2-4-000035,1027984.0,2023-01-23,20.870536,-156.531576,40722.6,3717.1,1996,R3,150090402002
2-4-000036,1601622.72,2022-05-15,20.863807,-156.531127,14601.5,5270.2,1974,C1,150090402002
2-4-000037,330029.33,2020-08-31,21.037726,-156.779456,27576.6,711.3,1956,R3,150090401002
2-4-000038,1246049.02,2022-04-05,21.01438,-156.704453,28556.2,5451.2,2014,C2,150090402001
2-4-000039,1510586.94,2021-04-18,20.727662,-156.381254,44075.2,4734.1,2009,R2,150090401001
2-4-000040,1519217.94,2023-05-05,20.785821,-156.765549,29427.3,4993.9,1951,R1,150090402001
2-4-000041,680204.28,2024-01-14,20.764675,-156.730326,5031.0,2536.7,2017,C2,150090403001
2-4-000042,1001803.66,2020-07-03,21.016916,-156.622759,21680.4,5188.8,1992,C1,150090401002
2-4-000043,545119.7,2022-12-31,20.893841,-156.78155,21286.3,2366.8,1965,R2,150090402001
2-4-000044,1199000.64,2023-09-21,20.830081,-156.610004,16948.0,4636.4,1953,R3,150090401001
2-4-000045,1118178.23,2022-10-17,20.991864,-156.68917,28974.3,4902.1,2006,R1,150090402002
2-4-000046,1166375.68,2023-06-30,20.82207,-156.641636,23934.3,4886.9,1969,R1,150090401001
2-4-000047,697459.48,2022-02-22,20.938579,-156.530994,28137.0,3116.3,2002,C1,150090401002
2-4-000048,825111.62,2023-10-23,20.779923,-156.382311,11813.3,2953.2,1975,C1,150090402001
2-4-000049,789593.91,2022-12-18,20.708355,-156.685635,41562.4,3847.2,1959,R2,150090403001
2-4-000050,1751897.19,2020-07-19,20.943642,-156.592414,42763.3,5434.1,1993,C1,150090402001
2-4-000051,505719.42,2023-09-24,20.817898,-156.838764,31592.3,2911.0,1965,C2,150090401001
2-4-000052,1703041.53,2020-09-30,20.819697,-156.410143,49675.2,5728.7,1978,R1,150090401001
2-4-000053,2057005.88,2022-10-07,20.796544,-156.676693,10719.6,5971.0,1985,R1,150090401001
2-4-000054,453396.51,2022-12-05,20.78797,-156.31374,6595.5,2548.6,1964,R2,150090403001
2-4-000055,817782.02,2022-01-16,20.899537,-156.45253,24893.7,2841.6,1982,R1,150090402002
2-4-000056,577090.19,2024-02-22,20.81685,-156.445269,27106.6,1681.0,1994,R2,150090402001
2-4-000057,1569046.08,2021-12-01,20.848959,-156.495908,24937.2,5261.0,1994,R1,150090401001
2-4-000058,511174.51,2020-04-02,20.770675,-156.832458,17427.5,1416.6,1967,C1,150090402002
2-4-000059,1440977.59,2021-10-20,20.876806,-156.400101,24229.8,5354.5,1968,R1,150090401002
2-4-000060,729814.5,2021-03-10,20.904886,-156.617223,12915.9,3068.7,1968,R2,150090401002
2-4-000061,590608.28,2021-08-18,20.847105,-156.487508,32502.5,2608.1,2009,R2,150090403001
2-4-000062,773261.16,2023-09-11,20.841206,-156.447458,46219.1,3005.0,2021,R2,150090403001
2-4-000063,1717930.57,2023-05-25,21.03038,-156.878201,36282.2,5483.8,1984,C2,150090401002
2-4-000064,446799.94,2024-06-20,20.716874,-156.347387,27152.7,2220.6,1971,R2,150090401002
2-4-000065,505101.02,2024-06-23,20.814126,-156.898827,8739.5,1547.0,2021,R3,150090402002
2-4-000066,1407213.47,2022-08-22,20.881626,-156.403469,14357.9,4863.7,1954,R1,150090401001
2-4-000067,765386.01,2023-08-12,20.909459,-156.584208,12221.7,3616.0,1994,C1,150090402001
2-4-000068,387810.98,2022-02-12,20.714803,-156.675461,26720.3,1168.7,2000,R2,150090401001
2-4-000069,392239.04,2022-07-03,20.78444,-156.424172,15746.9,705.8,2007,C1,150090401002
2-4-000070,1857583.6,2022-08-28,20.71899,-156.512768,44511.7,5285.2,2020,R1,150090401002
2-4-000071,372971.72,2021-01-19,20.702706,-156.410715,32700.3,1142.5,2009,R3,150090401002
2-4-000072,944893.11,2020-07-29,20.812734,-156.509149,30743.3,3954.0,1982,R3,150090403001
2-4-000073,628868.51,2023-01-27,20.84245,-156.513025,30027.3,2218.3,1987,C2,150090402002
2-4-000074,1508054.51,2023-09-27,21.000711,-156.608388,9941.6,5676.8,1977,R1,150090402001
2-4-000075,704085.08,2021-03-20,20.704717,-156.489061,4897.7,2821.4,2000,R2,150090402001
2-4-000076,952352.17,2020-05-31,20.950682,-156.521142,24984.6,3551.0,2020,C1,150090402002
2-4-000077,1032619.03,2021-10-06,20.859934,-156.662629,49932.8,3674.0,1983,C2,150090402001
2-4-000078,785966.49,2020-06-26,20.906176,-156.441173,13133.1,3446.5,1995,R1,150090402002
2-4-000079,566243.68,2021-02-18,20.751238,-156.613542,16271.0,1558.5,1991,R1,150090402001
2-4-000080,1242802.52,2020-10-13,20.980686,-156.401357,37256.2,4754.7,1982,R2,150090401001
2-4-000081,1004537.95,2022-02-18,20.832756,-156.496099,45567.2,3636.6,1984,R1,150090402002
2-4-000082,1130118.38,2021-01-03,20.843435,-156.345621,36612.7,4424.4,1995,C2,150090402002
2-4-000083,980776.83,2022-03-20,20.898037,-156.365044,42426.6,3740.5,1986,R2,150090402001
2-4-000084,430271.1,2022-09-20,20.791251,-156.325462,41465.1,1314.2,2020,C2,150090401002
2-4-000085,1554820.28,2022-10-10,20.852725,-156.682149,43398.0,5169.6,1998,C1,150090403001
2-4-000086,1205534.75,2020-05-18,20.747187,-156.44992,28766.2,4103.8,1982,R3,150090402001
2-4-000087,943388.26,2024-04-05,20.946012,-156.316398,25611.4,3817.5,2012,C2,150090403001
2-4-000088,509670.86,2024-04-18,20.735196,-156.394574,21884.8,2043.0,1997,R1,150090402001
2-4-000089,436011.03,2020-12-31,20.797831,-156.776799,33689.7,1864.6,1957,R2,150090402001
2-4-000090,621363.6,2020-04-08,20.776482,-156.587148,29193.9,3197.1,1961,A1,150090402001
2-4-000091,406478.42,2022-11-02,20.746069,-156.74698,11284.3,1741.7,1966,R1,150090402001
2-4-000092,719568.56,2023-04-25,20.892182,-156.566514,33948.5,3090.0,1996,R3,150090401001
2-4-000093,1596257.15,2022-12-08,20.768935,-156.393132,21926.3,5587.1,1975,R1,150090401001
2-4-000094,1106167.98,2022-11-05,20.962909,-156.390784,7458.1,4461.1,2003,R1,150090402002
2-4-000095,1075612.27,2022-08-25,20.797955,-156.803072,28181.1,4851.7,2007,C1,150090401001
2-4-000096,499135.52,2021-04-02,21.038803,-156.514709,18436.6,1264.2,1979,R1,150090403001
2-4-000097,701915.51,2020-05-28,20.897789,-156.602536,13042.4,3536.7,1965,R1,150090402002
2-4-000098,428484.03,2021-06-10,20.730792,-156.703244,35810.3,898.3,1983,R1,150090402002
2-4-000099,416279.24,2024-05-14,20.917081,-156.515767,16191.7,2053.0,1987,R1,150090401002
2-4-000100,460332.12,2022-11-15,20.773157,-156.477642,27516.2,2260.6,1970,R3,150090401001
2-4-000101,595220.25,2023-07-30,20.832212,-156.80426,49837.9,1475.8,1996,R2,150090402001
2-4-000102,413199.16,2021-06-26,20.772639,-156.406094,10809.5,1102.2,1984,R1,150090401002
2-4-000103,739270.69,2022-03-13,20.799444,-156.646506,16936.3,3063.8,1997,R3,150090401002
2-4-000104,1247828.13,2020-02-29,20.914637,-156.471654,13241.8,4394.8,1988,R1,150090403001
2-4-000105,356713.61,2024-01-24,20.876913,-156.723273,7583.0,673.0,1960,C1,150090401001
2-4-000106,524998.07,2021-07-19,20.706867,-156.47819,11042.3,2466.7,1998,R2,150090402002
2-4-000107,532481.08,2020-12-11,21.020857,-156.861161,35700.7,2561.8,1968,R3,150090403001
2-4-000108,2001740.39,2021-06-03,20.786389,-156.358338,30345.2,5801.1,2008,R2,150090402001
2-4-000109,994818.98,2021-01-26,20.870025,-156.557392,36696.8,4835.7,1952,C1,150090402002
2-4-000110,531535.2,2022-01-10,20.744891,-156.376451,27962.2,1454.5,1980,R3,150090402001
2-4-000111,1102786.01,2020-03-03,20.834234,-156.803005,15971.9,4172.8,2021,R1,150090401001
2-4-000112,877450.31,2021-12-05,20.973815,-156.713816,16961.6,3683.5,2019,R3,150090401002
2-4-000113,1669185.77,2023-09-07,20.783702,-156.456043,42277.7,5228.0,2004,R3,150090402002
2-4-000114,708427.17,2022-10-23,20.995593,-156.835505,48047.5,2567.4,1993,R2,150090402001
2-4-000115,1593807.07,2020-11-28,20.914928,-156.41199,13756.7,5787.4,1988,R2,150090401002
2-4-000116,947536.75,2022-10-20,20.921814,-156.661403,12077.7,3424.3,1969,R1,150090402001
2-4-000117,1147060.13,2024-04-25,21.016776,-156.711918,11607.4,4293.8,2013,R1,150090402002
2-4-000118,381228.08,2020-06-29,20.878388,-156.778483,19266.9,683.4,1993,R1,150090402001
2-4-000119,810949.53,2022-08-02,20.748565,-156.883916,12892.5,4016.9,1980,A1,150090403001
2-4-000120,1061810.4,2021-02-02,20.924168,-156.41634,45812.4,3456.6,2002,R1,150090402002
2-4-000121,1702802.24,2023-06-27,20.922049,-156.353158,27838.7,5382.6,1999,R2,150090403001
2-4-000122,845403.47,2023-09-30,20.980024,-156.579917,12699.2,3801.6,2007,R1,150090402002
2-4-000123,386183.35,2022-06-04,20.74429,-156.473844,27899.9,1322.1,1952,R1,150090402002
2-4-000124,2102151.76,2023-05-09,20.776308,-156.4113,35728.9,5861.9,1985,R2,150090401002
2-4-000125,511593.48,2023-11-09,21.0264,-156.781762,8374.0,2083.3,1986,R1,150090402001
2-4-000126,951961.79,2020-01-30,20.896982,-156.599857,49991.9,4383.8,2001,R1,150090402002
2-4-000127,423418.88,2023-07-07,20.771385,-156.639309,24576.7,602.3,1975,R2,150090402002
2-4-000128,735148.28,2022-09-24,20.848335,-156.759107,26827.4,3140.7,2005,R2,150090401002
2-4-000129,1717026.75,2024-01-30,20.836991,-156.780493,38832.5,5578.6,1959,R1,150090401001
2-4-000130,734499.8,2023-02-09,20.745619,-156.484655,31953.8,2545.0,1977,C1,150090401002
2-4-000131,954576.62,2023-04-29,20.907287,-156.52535,22655.7,3545.5,1999,R1,150090401002
2-4-000132,1767478.21,2020-02-12,20.718177,-156.412972,36293.0,5719.2,2017,R1,150090403001
2-4-000133,911938.91,2022-01-26,20.72092,-156.367919,32406.2,4188.8,1957,C1,150090401001
2-4-000134,1328118.96,2022-06-27,20.79059,-156.834761,42469.3,4163.3,1981,R3,150090401001
2-4-000135,926503.76,2020-03-10,20.829491,-156.311869,19996.6,4399.9,2009,R1,150090402002
2-4-000136,1821832.79,2022-03-27,20.897133,-156.401989,47240.2,5506.8,1975,R1,150090401002
2-4-000137,1558396.0,2023-10-04,21.017283,-156.533559,30169.1,5423.6,1952,C2,150090403001
2-4-000138,436382.62,2021-12-24,20.780748,-156.878851,47047.5,774.9,2012,R2,150090401001
2-4-000139,498736.32,2020-01-07,20.752249,-156.427034,20502.4,1931.6,2021,R2,150090403001
2-4-000140,627792.88,2024-05-05,20.746942,-156.747602,41966.8,1720.9,1989,C2,150090402001
2-4-000141,572256.07,2021-07-06,20.725706,-156.372143,43797.0,1743.0,1983,C1,150090401002
2-4-000142,1190780.57,2020-09-13,20.754236,-156.486352,5661.7,4931.8,1999,R3,150090401002
2-4-000143,1257448.37,2023-06-20,20.777042,-156.645565,28495.3,4586.5,1990,R2,150090401001
2-4-000144,890584.11,2022-03-07,21.031853,-156.886986,16286.2,4256.9,1995,R1,150090401002
2-4-000145,475981.99,2023-11-02,21.005765,-156.540276,11042.6,2643.5,1960,C1,150090403001
2-4-000146,1332575.52,2024-03-03,20.749293,-156.467671,4032.9,5068.9,2016,R1,150090403001
2-4-000147,1374021.9,2021-05-02,20.973066,-156.360609,8967.5,5311.7,1998,R1,150090402001
2-4-000148,883885.68,2023-07-17,20.702287,-156.863568,42189.2,3059.9,1988,R2,150090401002
2-4-000149,836518.92,2020-12-01,20.932382,-156.524873,45556.4,2979.8,1976,R3,150090401001
2-4-000150,667284.62,2021-02-15,20.809423,-156.827307,14584.6,3336.7,1984,R1,150090401002
2-4-000151,1728347.84,2023-12-18,20.825235,-156.386125,42619.3,5290.0,2002,R2,150090402002
2-4-000152,1042269.09,2023-08-28,20.778949,-156.798545,10957.8,4471.6,1967,R1,150090403001
2-4-000153,668681.41,2020-01-20,20.896736,-156.587412,35163.6,2838.3,1992,R1,150090402002
2-4-000154,539024.58,2024-03-29,21.025637,-156.483795,47384.4,1603.7,1960,R1,150090401002
2-4-000155,1451662.95,2024-04-15,20.990225,-156.80789,49819.7,5037.6,1957,R3,150090402001
2-4-000156,511965.87,2020-03-13,20.98535,-156.406033,47887.8,1398.0,2004,C1,150090402001
2-4-000157,602842.96,2022-04-28,20.878926,-156.785259,38393.4,2711.8,1969,C1,150090401001
2-4-000158,1053147.91,2020-01-24,21.040887,-156.660652,19875.4,4629.9,1962,C1,150090401001
2-4-000159,910695.74,2022-06-30,20.993762,-156.889893,14262.8,3103.7,1981,R3,150090402002
2-4-000160,431958.58,2022-08-12,20.919372,-156.735735,10969.2,1620.2,1983,R3,150090402002
2-4-000161,284463.34,2024-05-31,21.0112,-156.504562,9171.5,735.1,1951,R1,150090401002
2-4-000162,343264.26,2022-09-17,20.730633,-156.436968,7453.5,806.4,2000,C1,150090401002
2-4-000163,1807335.17,2021-01-10,20.776191,-156.485508,39433.5,5877.4,1987,A1,150090401001
2-4-000164,1182244.08,2023-03-27,21.01762,-156.599109,6659.4,3844.6,2020,R1,150090402002
2-4-000165,1065387.22,2024-02-19,20.763067,-156.587545,26581.8,4919.0,1972,R1,150090401002
2-4-000166,945027.19,2020-05-05,20.729157,-156.81208,36381.2,3807.6,2015,R1,150090401002
2-4-000167,885361.39,2020-06-23,20.836493,-156.450336,35474.7,2927.0,1975,R1,150090401002
2-4-000168,545751.24,2020-08-05,20.951095,-156.746031,24427.8,1954.4,1959,C1,150090402001
2-4-000169,944366.6,2020-10-16,20.908353,-156.578356,8255.5,4567.8,1952,R1,150090402001
2-4-000170,803367.39,2023-01-04,20.886315,-156.720755,4727.0,4176.4,2006,R1,150090403001
2-4-000171,532866.92,2024-03-23,20.959941,-156.483204,29592.9,2115.5,2011,R3,150090402001
2-4-000172,1004642.36,2021-03-23,20.99171,-156.840211,23977.2,3548.7,1965,R1,150090403001
2-4-000173,1789422.01,2024-01-07,20.707356,-156.671554,34790.0,5263.8,1966,R2,150090402002
2-4-000174,671786.96,2022-05-25,21.014002,-156.863018,6144.3,3162.2,1983,R2,150090401001
2-4-000175,1742009.97,2020-05-11,20.910785,-156.77022,46469.0,5351.3,1968,R2,150090402001
2-4-000176,1366845.52,2023-05-22,21.006817,-156.721707,47557.6,4711.5,1989,R1,150090401001
2-4-000177,747707.2,2023-12-25,20.871431,-156.518771,25955.4,2447.7,2018,R2,150090401002
2-4-000178,653758.74,2022-09-27,20.816546,-156.827229,41547.4,2704.3,1976,R1,150090401002
2-4-000179,1437282.33,2021-05-18,20.74672,-156.354854,5588.7,5484.7,1952,C1,150090402002
2-4-000180,354114.16,2023-07-10,20.958122,-156.617105,22724.9,887.4,1965,R1,150090402002
2-4-000181,1109491.05,2024-03-13,20.741929,-156.395292,37281.1,4161.6,1983,R1,150090402002
2-4-000182,689261.44,2023-08-19,20.991914,-156.366151,29879.9,2782.8,1996,R1,150090401001
2-4-000183,651376.46,2024-02-12,20.762307,-156.680746,16497.8,2275.4,1980,C1,150090401002
2-4-000184,1531729.92,2024-06-10,20.724621,-156.852036,38580.3,4486.1,1970,R1,150090401001
2-4-000185,1188499.03,2023-09-17,20.936145,-156.716709,47020.7,5121.3,1956,R2,150090403001
2-4-000186,1436888.72,2021-05-28,20.880589,-156.847297,15990.9,4908.8,2012,R1,150090401002
2-4-000187,607569.71,2024-03-10,20.763429,-156.339178,39437.9,2079.9,1987,R1,150090401002
2-4-000188,1518814.46,2021-01-29,20.71346,-156.455722,45600.5,5467.8,1996,C1,150090401001
2-4-000189,1390862.63,2020-05-21,20.799366,-156.434045,17646.4,4655.4,1976,R2,150090402002
2-4-000190,649803.34,2022-09-07,21.003144,-156.448693,26016.8,3125.5,2010,R3,150090402002
2-4-000191,1500830.15,2020-03-26,20.831059,-156.774249,39115.3,5729.5,2019,C2,150090403001
2-4-000192,1206365.35,2024-06-06,20.969866,-156.387483,24048.0,4422.6,1976,C1,150090402001
2-4-000193,740582.9,2021-02-05,21.045567,-156.475479,45805.0,3195.5,1983,R2,150090401002
2-4-000194,462166.23,2023-04-02,20.984424,-156.569565,8054.1,1988.4,1972,C2,150090402001
2-4-000195,2138903.41,2023-04-12,21.04545,-156.312956,40776.6,5827.6,2007,R2,150090401002
2-4-000196,866330.84,2020-11-11,20.870084,-156.363271,46513.2,3230.9,2006,C1,150090402002
2-4-000197,959354.03,2021-12-28,21.032979,-156.500993,5868.8,5099.2,1954,R2,150090402002
2-4-000198,1151316.85,2020-09-16,20.768469,-156.334439,27675.4,4590.4,2017,R2,150090401001
2-4-000199,714983.35,2020-11-08,20.766865,-156.696045,25728.7,2994.7,1980,C1,150090402002
2-4-000200,826171.72,2023-06-11,20.943102,-156.807695,8297.3,4771.5,1958,R3,150090402001
2-4-000201,1060316.74,2023-06-07,21.038272,-156.60532,5879.4,4836.5,2016,R1,150090403001
2-4-000202,1559463.53,2024-05-18,20.924689,-156.697118,10971.9,5006.3,2013,C1,150090401002
2-4-000203,657335.24,2022-01-20,20.90045,-156.731949,44715.4,2503.2,1972,R1,150090402002
2-4-000204,1106870.88,2020-10-26,21.002647,-156.594657,4588.6,4047.1,1977,R1,150090401002
2-4-000205,1461734.47,2022-11-09,20.796195,-156.684463,47406.5,4737.1,2015,C1,150090402001
2-4-000206,1474588.18,2022-12-25,21.008311,-156.743546,32838.6,4991.5,1988,R1,150090401001
2-4-000207,293084.66,2023-08-25,20.720764,-156.325255,35603.8,623.1,2012,R1,150090403001
2-4-000208,602110.02,2020-07-13,20.774997,-156.776187,33828.5,2145.6,1968,R3,150090402002
2-4-000209,456344.63,2020-10-09,20.984183,-156.350655,37966.0,1843.9,1953,R1,150090401002
2-4-000210,661449.39,2021-05-25,20.895874,-156.754465,32069.1,2922.3,1998,R1,150090402001
2-4-000211,1866408.13,2023-06-04,20.992946,-156.572467,13257.3,5640.5,1995,R1,150090403001
2-4-000212,1678834.22,2024-06-16,20.833195,-156.57604,45713.1,4865.3,1985,R2,150090401002
2-4-000213,602111.01,2020-08-08,20.711865,-156.345052,41042.9,1881.7,2008,R2,150090403001
2-4-000214,994072.77,2020-08-21,20.903641,-156.442799,19823.5,4035.7,1988,C1,150090402001
2-4-000215,1638523.95,2021-04-15,20.926731,-156.306112,19263.3,5103.6,2012,R3,150090401001
2-4-000216,1435241.57,2020-12-14,20.742294,-156.796194,18894.0,5480.8,2020,R3,150090402002
2-4-000217,780122.5,2020-11-18,20.914416,-156.764671,45193.0,1857.7,1984,A1,150090401001
2-4-000218,890026.39,2020-09-07,20.961395,-156.345545,22816.5,3967.9,2020,C2,150090401002
2-4-000219,1164631.69,2020-02-19,21.036871,-156.348159,35043.2,4587.2,1968,R1,150090402002
2-4-000220,488114.05,2022-05-05,20.931953,-156.808453,7284.8,2425.7,1983,R1,150090403001
2-4-000221,1335858.1,2020-12-21,20.901653,-156.747528,18518.3,5205.3,1979,R3,150090403001
2-4-000222,1218119.66,2021-12-21,20.927508,-156.757919,40067.3,3203.3,2020,R1,150090401002
2-4-000223,984784.86,2020-09-03,20.83774,-156.538179,33850.6,3330.6,2021,R1,150090402001
2-4-000224,517790.6,2023-02-22,20.889496,-156.678499,14893.2,1630.2,1996,R1,150090403001
2-4-000225,1364584.33,2021-08-28,20.85533,-156.676404,44459.4,3863.2,2002,R3,150090401002
2-4-000226,465345.6,2022-03-30,20.893658,-156.358293,9661.2,2160.6,2006,C1,150090402002
2-4-000227,1111196.42,2023-09-14,20.925193,-156.884657,33031.3,4226.4,1984,C1,150090403001
2-4-000228,1049425.58,2020-03-23,20.929098,-156.300774,40089.2,4170.7,2017,C1,150090402001
2-4-000229,394188.94,2020-04-28,20.995802,-156.612519,49525.1,1646.3,1997,C2,150090402001
2-4-000230,1084424.2,2023-02-25,20.758717,-156.622385,10980.8,4205.9,1958,R3,150090403001
2-4-000231,1291203.52,2021-04-28,20.779285,-156.399453,24073.4,3596.6,2018,C1,150090403001
2-4-000232,976279.37,2020-04-21,20.812993,-156.531369,35191.7,3616.1,1979,R1,150090401001
2-4-000233,963330.92,2022-02-02,21.026874,-156.527867,29994.8,4291.5,2016,R2,150090402001
2-4-000234,460202.24,2023-11-12,20.926529,-156.355429,28992.9,838.3,1963,C1,150090402001
2-4-000235,440532.38,2021-11-28,20.744385,-156.528544,23847.4,1907.4,1965,R1,150090403001
2-4-000236,979267.88,2022-06-10,20.808203,-156.823148,41481.8,3120.1,2021,R3,150090402001
2-4-000237,456394.48,2023-10-07,20.945475,-156.749924,29957.5,832.2,2016,R2,150090401001
2-4-000238,787553.35,2021-09-30,20.770249,-156.565165,11684.4,3248.1,2016,R2,150090403001
2-4-000239,787255.88,2020-12-27,20.962413,-156.569589,21364.8,2765.3,1986,C1,150090402001
2-4-000240,1282668.43,2021-05-05,21.02821,-156.594396,35466.7,4652.9,1997,R1,150090402002
2-4-000241,1509203.23,2021-02-12,21.025286,-156.866529,48243.5,4919.1,1976,R3,150090401001
2-4-000242,1237414.81,2022-06-07,20.871013,-156.8673,40008.5,3537.6,1974,R1,150090401001
2-4-000243,1381431.59,2023-06-24,20.819511,-156.67026,49659.6,5469.2,1960,C2,150090403001
2-4-000244,639251.09,2020-11-05,20.762131,-156.389999,38055.1,2338.6,2020,R3,150090403001
2-4-000245,756932.6,2021-05-08,20.750888,-156.744057,33871.5,3274.2,1993,R1,150090401001
2-4-000246,811714.74,2022-12-12,20.72139,-156.770061,46066.9,3071.6,1993,R1,150090403001
2-4-000247,714766.96,2021-12-08,20.988903,-156.591033,33991.2,2941.4,1997,R1,150090402001
2-4-000248,848737.39,2020-08-28,20.818784,-156.440501,40907.7,2408.3,2008,C1,150090402001
2-4-000249,376587.97,2020-04-18,20.786593,-156.715107,25336.2,1413.8,1964,R2,150090401002
2-4-000250,635186.73,2022-01-07,21.007497,-156.409546,49295.3,1793.7,1990,R1,150090403001
2-4-000251,1868068.21,2020-07-06,20.748441,-156.83808,22764.0,5706.1,2000,R3,150090401002
2-4-000252,370807.52,2021-06-07,20.747624,-156.765125,7641.8,620.7,1994,C1,150090402001
2-4-000253,1293949.29,2020-08-15,20.791916,-156.38233,25393.5,5141.8,2014,C1,150090401001
2-4-000254,563482.47,2024-06-26,20.991611,-156.475291,43524.3,1503.3,1982,C1,150090403001
2-4-000255,531647.78,2023-06-01,20.743026,-156.741976,25425.6,1793.5,2017,R1,150090401001
2-4-000256,1073580.11,2021-10-13,20.770433,-156.544491,33358.2,3533.7,1990,C1,150090402002
2-4-000257,1348156.49,2021-01-16,21.024263,-156.719377,31543.1,4569.3,1996,C2,150090403001
2-4-000258,1242456.04,2022-11-18,21.006302,-156.374687,30671.8,4259.7,1993,R1,150090402002
2-4-000259,637316.63,2020-08-01,20.942636,-156.880236,43264.2,2524.8,1979,A1,150090402002
2-4-000260,386968.04,2020-06-03,20.749392,-156.658466,24608.1,870.3,1973,C2,150090402001
2-4-000261,1860645.34,2022-09-10,20.949445,-156.343326,43502.3,5073.5,2021,C1,150090401001
2-4-000262,376286.38,2022-02-05,21.047883,-156.816723,23867.8,640.8,2009,R1,150090403001
2-4-000263,355221.51,2020-05-08,20.941673,-156.390026,48181.2,733.4,1997,R1,150090403001
2-4-000264,2157161.92,2020-09-10,20.889061,-156.304791,22054.3,5264.3,1951,R1,150090401002
2-4-000265,758977.53,2022-05-02,20.954008,-156.654222,8184.6,3795.6,1989,C2,150090403001
2-4-000266,638921.98,2022-10-30,21.014453,-156.478661,25051.1,2366.6,2017,R2,150090401001
2-4-000267,352895.86,2020-12-18,20.84676,-156.836139,32009.9,901.8,2007,R3,150090402002
2-4-000268,536821.18,2024-01-04,20.947176,-156.854753,13433.9,3298.0,1950,R2,150090401002
2-4-000269,1367462.87,2023-12-15,20.917005,-156.611738,35409.4,5347.8,1988,C2,150090403001
2-4-000270,857179.62,2021-12-18,20.913152,-156.334759,10211.8,3285.5,2005,R2,150090401002
2-4-000271,719900.65,2020-07-23,20.864271,-156.782807,5158.2,2238.6,2019,R2,150090401001
2-4-000272,2174350.03,2024-05-01,20.832808,-156.818462,33528.0,5602.2,1978,R1,150090401001
2-4-000273,1099973.49,2022-07-10,20.702719,-156.86967,38935.4,3801.7,1999,C1,150090402002
2-4-000274,893288.19,2020-09-20,20.985091,-156.383837,39247.5,2501.5,2003,R1,150090403001
2-4-000275,646742.27,2022-11-25,20.882094,-156.33651,22808.2,3212.7,2002,R1,150090402001
2-4-000276,1015445.24,2023-06-17,20.920609,-156.341645,13891.8,4593.3,1992,R2,150090402001
2-4-000277,1796300.86,2021-11-05,20.795697,-156.789525,26168.5,5168.2,1969,R3,150090401001
2-4-000278,1304933.54,2023-01-13,20.885283,-156.690428,28173.4,4376.6,1996,A1,150090401002
2-4-000279,347543.86,2022-11-28,20.712138,-156.492781,17658.3,722.7,1996,R1,150090402001
2-4-000280,671915.35,2022-10-03,20.869604,-156.396202,23700.5,2973.6,1985,R1,150090403001
2-4-000281,367406.49,2021-11-12,20.883094,-156.336008,19847.6,632.4,1966,R2,150090401001
2-4-000282,1158970.94,2020-04-12,20.802606,-156.431908,31738.1,4099.2,1983,C2,150090403001
2-4-000283,529694.8,2021-02-21,20.795241,-156.413696,26937.9,907.9,2020,R2,150090402001
2-4-000284,787336.59,2023-03-20,20.917204,-156.625241,24027.5,3275.4,1980,C1,150090402001
2-4-000285,535188.47,2021-04-12,20.734922,-156.498623,12767.3,1755.2,2004,A1,150090402002
2-4-000286,535242.5,2024-04-21,20.743917,-156.58342,24450.2,2129.9,1959,C2,150090403001
2-4-000287,1131699.2,2022-06-14,20.76533,-156.528724,23361.4,4156.4,1964,R1,150090401002
2-4-000288,1309393.63,2022-06-17,20.820166,-156.494072,25813.2,4322.6,2012,R1,150090401002
2-4-000289,409918.71,2020-02-22,21.039201,-156.870856,36815.8,1361.9,1956,R2,150090402002
2-4-000290,1069969.75,2020-08-18,20.998109,-156.634696,20469.1,3915.6,1976,R2,150090402002
2-4-000291,1063097.05,2023-11-22,20.853089,-156.76095,19960.8,5418.2,1964,C1,150090401002
2-4-000292,470214.53,2021-03-26,20.941432,-156.727449,47617.1,1058.8,1998,C2,150090403001
2-4-000293,655003.72,2020-02-16,20.843144,-156.674757,25870.5,2664.8,2015,A1,150090401001
2-4-000294,668274.96,2020-06-06,20.971627,-156.582899,43053.3,3367.2,1964,R3,150090403001
2-4-000295,385858.01,2022-12-21,20.944724,-156.386074,34176.7,1284.3,1977,C2,150090401002
2-4-000296,1070847.86,2022-06-23,20.703934,-156.358224,14714.8,5019.7,1972,R2,150090401001
2-4-000297,1378874.05,2021-01-13,20.908929,-156.808206,22320.9,5459.4,1966,C2,150090402001
2-4-000298,570044.69,2021-12-31,20.790838,-156.467546,34999.4,2047.8,1968,R2,150090402002
2-4-000299,655987.58,2022-01-03,21.023202,-156.30967,19964.6,3143.5,1967,R3,150090402001
2-4-000300,871122.67,2024-06-30,20.917809,-156.394381,49653.3,2940.1,2005,R2,150090402002
2-4-000301,1436340.62,2023-03-30,21.015709,-156.714145,30845.5,4517.6,1997,R3,150090403001
2-4-000302,779867.05,2022-05-28,20.98485,-156.7606,37769.0,3543.0,1968,R2,150090401001
2-4-000303,468573.05,2022-07-13,20.845045,-156.444866,8084.6,2191.1,2003,C1,150090401001
2-4-000304,623139.29,2022-10-26,21.013276,-156.802806,33329.1,1354.8,1976,R1,150090402001
2-4-000305,949046.11,2021-10-10,21.044149,-156.476931,47487.8,3317.4,2014,R2,150090402001
2-4-000306,1702849.68,2023-12-05,20.780507,-156.434875,31273.9,5728.1,2021,C2,150090401001
2-4-000307,482311.4,2021-04-08,20.850149,-156.58349,33370.5,1632.9,2008,C1,150090402001
2-4-000308,1646054.05,2023-02-15,20.728906,-156.849463,27706.1,5716.6,1954,A1,150090403001
2-4-000309,603846.16,2021-08-21,20.874702,-156.309924,31184.4,1669.1,1958,R2,150090402001
2-4-000310,1305855.29,2023-08-15,20.858319,-156.44742,29389.6,4272.7,2001,R2,150090403001
2-4-000311,429555.67,2023-04-22,20.86955,-156.711665,32207.7,756.0,2009,C1,150090403001
2-4-000312,946014.61,2022-05-08,20.747474,-156.763968,13399.1,3868.8,2015,R2,150090401002
2-4-000313,350141.5,2023-06-14,20.878674,-156.830807,37475.7,866.0,1970,R1,150090402002
2-4-000314,468097.24,2023-12-12,20.83137,-156.827456,14218.3,1908.5,2020,C2,150090402002
2-4-000315,628153.57,2021-09-27,20.84944,-156.377496,15675.5,2156.0,2012,R1,150090401001
2-4-000316,1717283.91,2023-01-20,20.968451,-156.341606,31933.5,5707.6,2011,C1,150090402002
2-4-000317,833029.0,2021-11-02,20.876214,-156.769908,13164.4,3600.9,1952,R2,150090402001
2-4-000318,653801.15,2021-09-17,20.707646,-156.852239,26647.4,2082.2,1989,R3,150090401001
2-4-000319,618474.32,2023-11-15,20.840717,-156.591104,25954.3,1609.7,2008,C1,150090402002
2-4-000320,1676834.07,2022-04-22,21.01287,-156.333127,16713.0,5906.4,2009,R2,150090402002
2-4-000321,408068.03,2020-10-29,20.803462,-156.862558,18894.4,1749.5,1996,R3,150090403001
2-4-000322,881354.0,2021-07-10,20.754298,-156.627832,21243.4,2877.0,1989,R1,150090403001
2-4-000323,590094.73,2020-04-25,20.703081,-156.816596,29238.1,2879.0,1970,R1,150090402001
2-4-000324,1576639.47,2020-05-01,20.899286,-156.462408,10774.8,5746.3,1983,C1,150090401002
2-4-000325,697920.78,2023-02-19,20.775736,-156.717896,37095.0,2680.6,1999,R1,150090403001
2-4-000326,952012.21,2020-07-26,20.815633,-156.771379,9277.1,3679.7,1972,A1,150090401001
2-4-000327,515123.25,2021-03-30,20.973129,-156.745834,48747.5,1211.1,1962,C1,150090401002
2-4-000328,416689.67,2022-04-09,21.011258,-156.395202,10142.9,910.4,1983,R1,150090403001
2-4-000329,627413.69,2020-05-14,20.781842,-156.644222,21486.9,2640.0,1989,R3,150090401002
2-4-000330,495638.06,2021-10-26,20.767233,-156.441082,48351.5,1579.6,1959,R1,150090402002
2-4-000331,1689744.54,2023-10-30,20.80129,-156.680056,12447.9,5478.7,2004,R2,150090402002
2-4-000332,460430.87,2020-10-06,21.035237,-156.670747,26263.2,1465.5,2020,A1,150090402002
2-4-000333,483959.6,2022-12-02,20.703631,-156.353198,34383.1,1228.3,1996,C2,150090403001
2-4-000334,1265545.2,2023-07-04,20.959331,-156.561998,39619.0,4645.6,1969,R3,150090402002
2-4-000335,688121.53,2023-11-06,21.030857,-156.895636,19444.0,2752.2,1951,R1,150090403001
2-4-000336,1365937.67,2024-05-24,20.821155,-156.70454,32308.4,5591.0,1958,R2,150090401001
2-4-000337,551377.37,2024-02-16,20.764269,-156.789093,27550.4,2623.9,1955,R1,150090403001
2-4-000338,838299.18,2024-05-28,20.997224,-156.35554,46090.6,2879.4,1995,R1,150090402002
2-4-000339,664714.94,2024-03-06,20.755243,-156.832184,8154.5,3657.4,1953,R2,150090403001
2-4-000340,968435.28,2021-08-15,20.953613,-156.871862,26666.4,3879.1,2011,R3,150090401001
2-4-000341,589526.69,2022-12-28,21.037185,-156.517771,36060.5,2740.9,1950,R2,150090402001
2-4-000342,918783.01,2024-04-28,20.827192,-156.552836,24565.1,4276.8,1960,R2,150090401001
2-4-000343,529278.32,2020-08-11,20.732045,-156.795296,44288.6,2259.0,1957,C2,150090401002
2-4-000344,1005532.69,2021-02-08,20.882854,-156.324246,33224.3,3928.3,1961,R1,150090402001
2-4-000345,646699.83,2021-07-13,20.959146,-156.347011,42111.6,2226.7,2007,C1,150090401002
2-4-000346,1241596.2,2021-05-21,20.872618,-156.606942,19787.1,4591.4,1958,C1,150090402001
2-4-000347,356561.93,2022-02-28,20.827579,-156.677182,16792.9,903.0,1950,R3,150090403001
2-4-000348,1042309.09,2024-02-06,20.848131,-156.79608,35149.5,4122.5,1960,R2,150090401001
2-4-000349,1327225.65,2023-10-14,20.946991,-156.539133,23973.9,3890.2,2016,C1,150090401002
2-4-000350,1642417.12,2020-09-26,20.785281,-156.709448,28415.7,4892.8,1995,R3,150090401002
2-4-000351,941934.15,2022-03-04,20.880384,-156.431095,5998.9,4170.3,1994,R2,150090401002
2-4-000352,814525.19,2023-05-02,20.744768,-156.82464,21860.8,3169.1,2016,R1,150090402002
2-4-000353,491817.6,2023-01-10,20.956879,-156.490165,21626.1,1336.4,1964,R1,150090401001
2-4-000354,622439.35,2021-07-03,20.942457,-156.334772,48312.1,2839.2,2014,C1,150090402002
2-4-000355,1365657.92,2020-07-16,20.760365,-156.338656,29985.0,5328.9,1953,R1,150090402002
2-4-000356,825986.1,2023-02-28,20.782996,-156.361813,26234.6,3386.6,2013,C1,150090402001
2-4-000357,490921.85,2020-05-24,20.808582,-156.876286,28431.5,2279.5,1977,C2,150090402001
2-4-000358,1086561.51,2020-08-24,20.812757,-156.88585,13199.2,4614.7,1974,R1,150090401001
2-4-000359,1110364.88,2021-09-10,20.809126,-156.371546,5029.8,5631.5,1967,R1,150090401001
2-4-000360,872530.26,2024-05-21,20.97155,-156.871074,37474.1,2143.2,1998,R3,150090402002
2-4-000361,595211.57,2021-08-08,20.71209,-156.345208,23122.2,2312.7,1996,C2,150090403001
2-4-000362,708848.08,2022-08-05,20.769658,-156.699887,16525.8,2826.9,2013,C1,150090401001
2-4-000363,495399.3,2021-04-22,20.929197,-156.735846,30666.1,2298.1,1993,C1,150090401002
2-4-000364,1365834.91,2020-11-02,20.760655,-156.762336,42635.9,4741.5,1989,R1,150090402002
2-4-000365,1477019.31,2022-09-04,20.998212,-156.655247,31487.2,4205.6,1999,R1,150090402001
2-4-000366,694446.78,2020-12-08,20.976952,-156.388082,48707.1,2837.5,1955,C1,150090402002
2-4-000367,764110.94,2022-08-18,20.979957,-156.751791,27818.4,2568.5,2000,R3,150090401001
2-4-000368,1372990.02,2020-04-05,20.922934,-156.54,10403.7,4572.1,2016,R1,150090402002
2-4-000369,278073.38,2022-05-12,20.715384,-156.695397,20420.1,993.5,2015,R1,150090403001
2-4-000370,1056012.84,2023-08-02,21.037147,-156.345498,28950.1,4401.0,1983,R1,150090402001
2-4-000371,521050.26,2023-05-28,20.744502,-156.402063,29415.5,2032.0,1975,R1,150090401001
2-4-000372,593464.35,2024-04-02,20.71207,-156.568331,13670.6,2726.5,1999,C1,150090401002
2-4-000373,312634.05,2021-09-13,20.881455,-156.724576,25769.2,655.5,2017,R3,150090401002
2-4-000374,1253172.56,2021-08-25,21.020778,-156.582882,13697.1,5545.4,1953,R2,150090402001
2-4-000375,1184406.33,2021-10-23,20.817304,-156.501824,44446.3,5087.3,2002,R1,150090403001
2-4-000376,796651.4,2023-07-23,20.972113,-156.868153,47433.0,2914.2,1975,R3,150090402002
2-4-000377,741238.42,2020-01-10,20.867098,-156.313654,38374.3,2583.8,1991,R2,150090403001
2-4-000378,498919.37,2020-02-06,20.729997,-156.8352,42706.2,1157.3,1973,R1,150090401001
2-4-000379,811691.22,2024-06-03,20.923661,-156.851886,31370.2,3645.1,1952,R3,150090402002
2-4-000380,491113.43,2020-01-27,21.037723,-156.393081,19561.7,1955.4,2018,R2,150090401002
2-4-000381,940425.9,2020-10-19,20.942188,-156.80998,9435.2,3390.5,1993,R3,150090403001
2-4-000382,626769.55,2024-01-10,20.934054,-156.479778,38113.7,2383.6,1989,R1,150090402002
2-4-000383,853467.27,2022-04-02,20.907724,-156.46088,9400.0,3773.8,1955,C1,150090401001
2-4-000384,1811253.02,2021-04-25,20.734779,-156.49757,22272.2,5598.3,1978,R1,150090402001
2-4-000385,1389300.74,2023-08-09,20.843409,-156.50511,27717.8,5564.2,1984,R2,150090402001
2-4-000386,1492056.63,2024-05-08,20.774073,-156.549509,37337.3,5034.7,2003,C1,150090402001
2-4-000387,1619453.59,2023-01-17,20.904663,-156.688104,48083.7,4751.7,1998,C1,150090401002
2-4-000388,698885.91,2022-01-13,20.88154,-156.653975,20996.2,2954.2,1967,R1,150090402001
2-4-000389,1193719.25,2024-04-08,20.717839,-156.440131,5046.5,4826.4,2010,C1,150090402001
2-4-000390,1030968.68,2023-12-28,20.858414,-156.674168,17602.3,3838.3,1964,R2,150090401001
2-4-000391,950283.35,2024-01-20,20.960671,-156.838819,11018.6,4523.2,1978,C1,150090401001
2-4-000392,784293.62,2024-03-26,20.822133,-156.386392,26753.8,3531.8,2005,C2,150090401001
2-4-000393,367948.27,2020-06-20,20.919732,-156.331222,26851.0,748.7,1956,R3,150090402001
2-4-000394,776212.38,2022-07-23,20.82105,-156.644274,5876.0,4080.2,1962,R2,150090402001
2-4-000395,841350.54,2023-05-12,20.725591,-156.702632,49875.6,3126.0,1994,R1,150090401001
2-4-000396,1326356.19,2020-12-24,20.743028,-156.401842,48305.6,5115.7,1965,C1,150090401001
2-4-000397,400916.87,2020-03-16,20.706212,-156.856379,42027.1,877.8,1997,R3,150090402001
2-4-000398,807502.87,2023-10-20,20.713527,-156.532376,49007.0,2684.9,1983,R1,150090402001
2-4-000399,700882.07,2021-08-31,20.941208,-156.530517,45692.8,2345.8,1989,R2,150090401002
2-4-000400,769125.96,2020-07-09,20.76943,-156.60345,19700.0,3543.1,1967,R1,150090403001
2-4-000401,1504388.63,2021-08-12,21.002341,-156.46539,26828.8,5348.1,2008,R1,150090402002
2-4-000402,1524944.33,2021-09-23,20.969051,-156.769072,8772.4,5511.6,2011,R1,150090401002
2-4-000403,605168.15,2021-05-15,20.957579,-156.306585,27413.3,2366.5,1980,R1,150090403001
2-4-000404,629108.29,2024-03-16,20.933827,-156.732845,10065.7,2835.5,1985,R1,150090401002
2-4-000405,1459133.48,2020-03-06,21.02454,-156.831944,21561.2,5588.0,1975,R1,150090402002
2-4-000406,2098352.95,2021-05-31,20.890984,-156.516677,33650.3,5432.5,2010,R2,150090401001
2-4-000407,530241.19,2023-11-29,20.795581,-156.519731,47975.7,1818.7,1964,A1,150090401002
2-4-000408,415154.48,2023-05-18,20.945985,-156.510566,14404.6,977.6,2020,C1,150090401002
2-4-000409,805399.69,2021-12-15,20.746132,-156.364485,42537.0,3579.5,2021,R1,150090401001
2-4-000410,394522.96,2022-06-20,20.804913,-156.77908,34668.2,1277.3,1968,R1,150090403001
2-4-000411,523429.27,2021-10-16,20.70546,-156.545018,37519.7,819.4,1990,R1,150090401001
2-4-000412,1794934.05,2021-10-03,21.036216,-156.424475,29387.9,5070.2,1979,R2,150090401002
2-4-000413,350228.54,2024-02-02,20.80267,-156.69681,5668.7,931.1,1983,R3,150090403001
2-4-000414,796259.47,2023-03-04,20.999974,-156.308168,49143.2,3592.8,2002,R2,150090401001
2-4-000415,810246.79,2021-01-06,21.013167,-156.336986,26550.3,3108.9,1951,A1,150090402002
2-4-000416,406432.8,2024-01-27,20.876498,-156.897606,24918.5,1607.6,1964,R1,150090403001
2-4-000417,439547.3,2022-10-13,20.962374,-156.327492,6598.1,873.5,1994,C1,150090403001
2-4-000418,751099.31,2022-01-23,20.808966,-156.575727,33710.2,3033.1,1989,R2,150090402002
2-4-000419,354905.67,2022-05-22,20.843125,-156.875103,10166.4,1169.1,1966,A1,150090401001
2-4-000420,920899.8,2020-11-21,21.017091,-156.330965,39794.8,3449.3,2020,R1,150090401001
2-4-000421,1961221.05,2021-12-11,21.035722,-156.683322,39401.0,5759.9,1964,C2,150090403001
2-4-000422,1677320.33,2023-02-05,20.730442,-156.507327,39904.8,5852.7,1967,R1,150090403001
2-4-000423,647399.55,2021-07-26,20.984782,-156.829539,9324.2,3409.1,1973,R1,150090401002
2-4-000424,530229.64,2021-07-23,20.978746,-156.302341,33380.9,2412.7,1994,A1,150090402001
2-4-000425,1610720.73,2023-04-09,20.849115,-156.559784,42981.0,5374.0,2000,R1,150090401001
2-4-000426,830228.64,2020-12-04,20.708947,-156.369439,45050.9,3415.5,1970,R2,150090403001
2-4-000427,1001987.7,2022-07-16,20.86038,-156.895387,4771.8,4131.5,2010,R3,150090401002
2-4-000428,1182184.77,2022-07-30,20.928154,-156.374643,25685.3,4665.0,2003,R3,150090402002
2-4-000429,582562.6,2021-06-30,20.750951,-156.579889,7389.0,2600.5,1968,R1,150090403001
2-4-000430,390505.35,2023-03-07,20.898006,-156.612179,37770.2,822.3,2002,R1,150090402002
2-4-000431,458519.87,2020-06-10,21.017546,-156.683439,9459.7,955.1,2006,C2,150090402002
2-4-000432,379627.34,2020-10-23,20.751101,-156.325851,29411.9,682.4,2019,C1,150090402002
2-4-000433,1511178.83,2020-01-01,20.939185,-156.618116,22839.1,5153.8,1992,R2,150090401002
2-4-000434,1796875.02,2023-12-02,20.836667,-156.314242,49089.6,5627.7,1979,C1,150090401002
2-4-000435,575161.71,2022-02-08,20.969204,-156.60395,5405.1,2775.6,1997,R2,150090403001
2-4-000436,369518.1,2021-08-05,20.914417,-156.514006,48771.6,967.5,2007,C1,150090402002
2-4-000437,388725.54,2021-08-02,20.842923,-156.426258,8985.9,867.2,1977,C1,150090402001
2-4-000438,1610741.81,2022-04-25,20.873296,-156.412877,12501.0,5946.6,1967,R1,150090401002
2-4-000439,1964516.17,2020-06-16,20.723514,-156.490711,32385.7,5722.0,1952,R1,150090403001
2-4-000440,580074.05,2023-08-22,20.962252,-156.712905,5375.9,2728.0,1980,R2,150090401001
2-4-000441,1157074.29,2022-07-20,20.814231,-156.462842,36945.7,3940.0,2002,R1,150090402001
2-4-000442,611147.72,2022-05-31,21.038343,-156.749763,7861.2,3175.3,1975,R1,150090402002
2-4-000443,672192.78,2022-11-12,21.00801,-156.663821,38859.6,2603.5,2003,R2,150090402001
2-4-000444,1132460.41,2020-01-14,20.744377,-156.722001,36039.4,4667.8,1985,R3,150090403001
2-4-000445,564394.09,2020-01-17,21.03924,-156.361633,10495.9,2423.6,1990,R2,150090401001
2-4-000446,1616558.81,2022-08-08,20.828515,-156.38531,8286.8,5674.6,2013,R1,150090401002
2-4-000447,651227.58,2021-06-20,20.947807,-156.67359,10404.2,2959.1,2004,R2,150090402002
2-4-000448,1328083.49,2022-07-07,21.021207,-156.348891,48529.9,4681.8,1986,R1,150090401001
2-4-000449,1117249.88,2023-12-08,20.773385,-156.566898,44207.3,3713.5,2006,R1,150090402002
2-4-000450,1054991.13,2021-06-13,20.792765,-156.581098,5873.7,4981.6,2000,R2,150090403001
2-4-000451,787323.17,2021-11-22,21.014814,-156.859387,19938.6,3107.8,2021,C1,150090403001
2-4-000452,920400.49,2020-02-02,20.89797,-156.637611,7447.6,4375.2,1977,C1,150090403001
2-4-000453,438295.18,2021-04-05,20.837185,-156.442189,27825.8,1749.2,1959,R1,150090402001
2-4-000454,478207.01,2023-03-14,20.876183,-156.378966,16705.9,1291.9,2002,R3,150090403001
2-4-000455,968087.26,2021-09-04,20.9379,-156.823132,33152.1,3862.9,1976,C2,150090401001
2-4-000456,571732.74,2022-08-15,20.798024,-156.451202,17981.9,2054.7,1959,R2,150090402001
2-4-000457,1925969.03,2020-04-15,20.701401,-156.368994,46863.5,5935.4,2004,C2,150090402001
2-4-000458,585847.57,2023-07-27,20.794229,-156.407093,46457.9,1772.0,2015,R3,150090401001
2-4-000459,423088.17,2022-09-01,21.011747,-156.878494,5451.1,1624.0,2004,R2,150090403001
2-4-000460,663295.49,2022-07-26,20.824517,-156.533569,20395.6,2622.8,1981,R1,150090401002
2-4-000461,695820.12,2022-09-30,20.78546,-156.744249,30640.2,2833.2,1980,C1,150090403001
2-4-000462,414762.05,2023-01-30,20.83091,-156.514612,32535.5,1390.9,1955,C2,150090402002
2-4-000463,949417.58,2022-12-15,20.885536,-156.483219,41210.6,3162.3,1996,R2,150090403001
2-4-000464,1042979.54,2023-02-12,21.041173,-156.755765,28104.5,4937.4,1979,R2,150090402001
2-4-000465,510732.17,2023-12-22,20.922741,-156.895989,7964.6,2708.3,1959,R2,150090403001
2-4-000466,385188.46,2024-05-11,20.729729,-156.481814,11972.9,1803.2,1957,R1,150090403001
2-4-000467,444852.9,2021-05-11,21.005216,-156.416567,29933.7,1054.6,2019,R2,150090401001
2-4-000468,480612.89,2024-02-09,20.925237,-156.884805,41240.4,1355.8,1999,R1,150090401002
2-4-000469,723664.63,2021-09-07,20.880713,-156.610244,35284.9,2780.9,1979,R2,150090402002
2-4-000470,622610.12,2022-03-17,20.722282,-156.739565,15975.5,2542.1,2001,C2,150090402001
2-4-000471,414429.92,2020-11-25,20.775941,-156.709441,33244.6,859.9,2005,R2,150090402002
2-4-000472,2017792.67,2023-09-04,20.926249,-156.624038,32185.3,5650.1,1986,C2,150090401002
2-4-000473,1463585.21,2024-03-19,20.786141,-156.4826,14897.7,5749.0,1952,C1,150090401002
2-4-000474,542019.16,2020-03-29,20.984968,-156.357495,28337.1,2125.1,1970,C1,150090401002
2-4-000475,1056035.05,2021-09-20,20.771399,-156.480951,16477.0,4701.0,1981,A1,150090401001
2-4-000476,1076824.15,2023-05-15,20.960715,-156.568489,4373.4,3446.8,2012,R1,150090402002
2-4-000477,1357337.21,2022-11-22,20.950306,-156.61019,39674.1,5301.1,1994,R1,150090402001
2-4-000478,584442.3,2023-03-10,20.8086,-156.425154,18837.9,2359.8,1979,C2,150090402002
2-4-000479,1109672.28,2020-02-25,20.889726,-156.312544,47666.9,4531.0,1967,R1,150090402001
2-4-000480,703500.42,2021-02-25,21.024384,-156.312812,4157.0,4136.3,1950,R2,150090401002
2-4-000481,1320429.2,2024-02-25,20.788081,-156.54663,22305.3,5090.2,2017,R2,150090401002
2-4-000482,1288431.9,2023-11-25,20.981058,-156.819943,48448.0,5364.5,1953,R1,150090401001
2-4-000483,1008824.4,2024-01-01,20.906328,-156.723494,5963.6,4833.5,1970,R1,150090402002
2-4-000484,507213.29,2022-01-30,20.778591,-156.322009,44257.1,1563.9,1969,R1,150090401001
2-4-000485,1382453.19,2021-07-29,20.870499,-156.870563,5584.0,4988.9,1992,R1,150090401002
2-4-000486,666669.21,2020-02-09,20.765976,-156.744893,25417.7,2717.7,1966,C1,150090402001
2-4-000487,1167941.93,2021-03-07,20.888122,-156.492342,41371.8,3926.4,1975,R3,150090401001
2-4-000488,525292.25,2024-06-13,20.906734,-156.558864,18942.7,1921.6,1960,C1,150090401002
2-4-000489,466344.98,2024-04-12,20.982762,-156.703172,10470.9,2153.9,2020,R1,150090401002
2-4-000490,442939.58,2023-10-17,20.945239,-156.621169,23040.0,1264.7,1959,R1,150090402002
2-4-000491,440039.31,2023-07-20,20.730274,-156.560964,22262.2,1462.7,1966,R2,150090401002
2-4-000492,814210.99,2022-04-15,20.957434,-156.320522,41535.1,2841.7,1969,R1,150090402002
2-4-000493,1684423.76,2024-02-29,20.803002,-156.613196,47151.0,5199.6,2009,C2,150090403001
2-4-000494,847656.85,2021-03-13,20.787204,-156.840854,21924.2,3736.9,1988,C1,150090401002
2-4-000495,480855.78,2023-04-19,21.015653,-156.764962,42063.1,1920.4,1966,R2,150090403001
2-4-000496,418290.56,2021-02-28,21.024548,-156.394914,12821.1,1553.1,1956,R2,150090402001
2-4-000497,1079808.72,2023-09-01,20.807281,-156.346924,22098.6,3890.3,2011,R1,150090403001
2-4-000498,1489832.6,2023-04-16,20.767778,-156.786389,18952.9,5194.8,2020,R1,150090402002
2-4-000499,1265210.08,2020-03-19,20.869777,-156.881173,31503.7,4345.4,2013,R3,150090401001
